"eid","pid","effect_size.o","n.o","p_value.o","power.o","replicate"
"eerp.1","eerp",0.18282197,120,0.046,0.518864645035727,"failure"
"eerp.2","eerp",0.31051865,117,0.057,0.930800055311097,"success"
"eerp.3","eerp",0.71984988,216,0.0070000002,1,"success"
"eerp.4","eerp",0.38394338,162,0.0099999998,0.99920300841706,"success"
"eerp.5","eerp",0.84250855,72,0.033,1,"failure"
"eerp.6","eerp",0.11776898,158,0.001,0.314800287089614,"success"
"eerp.7","eerp",0.76151019,54,0.0099999998,0.999999914711349,"failure"
"eerp.8","eerp",0.72250921,168,9.9999997e-05,1,"success"
"eerp.9","eerp",0.21292183,112,0.029999999,0.620338048136283,"failure"
"eerp.10","eerp",0.45328194,60,0.011,0.960567998425193,"success"
"eerp.11","eerp",0.64259011,78,4e-11,0.999998555141462,"success"
"eerp.12","eerp",0.3037416,124,0.001,0.933518139734671,"success"
"eerp.13","eerp",0.8320657,120,0.0038999999,1,"failure"
"eerp.14","eerp",0.28210321,58,0.030999999,0.581817191829917,"failure"
"eerp.15","eerp",0.48622337,288,1.631e-18,0.99999999999889,"success"
"eerp.16","eerp",0.66440928,120,0.0163,0.999999999991495,"success"
"eerp.17","eerp",0.32389686,126,2.6e-05,0.962435923367311,"success"
"eerp.18","eerp",0.28226173,42,0.07,0.448454931064687,"failure"
"ml1.1","ml1",0.113222405840198,213,0.0993513318360307,0.378841709408216,"success"
"ml1.2","ml1",0.32,307,7.36139202535473e-09,0.999936232578953,"success"
"ml1.3","ml1",0.416612123712639,103,9.84215705384592e-06,0.993701969707959,"success"
"ml1.4","ml1",0.416612123712639,103,9.84215705384592e-06,0.993701969707959,"success"
"ml1.5","ml1",0.416612123712639,103,9.84215705384592e-06,0.993701969707959,"success"
"ml1.6","ml1",0.416612123712639,103,9.84215705384592e-06,0.993701969707959,"success"
"ml1.7","ml1",0.235429929558885,80,0.0108506080616656,0.562317836665501,"success"
"ml1.8","ml1",0.241522945769824,132,0.00552208254660063,0.801763074762148,"success"
"ml1.12","ml1",0.247092907252396,70,0.0454819198371132,0.547006361973653,"failure"
"ml1.13","ml1",0.371904642581889,30,0.0430016297258291,0.539351839652475,"failure"
"ml1.14","ml1",0.394451205002235,33,0.0231126487213909,0.63837809240535,"success"
"ml1.15","ml1",0.449859317192331,79,3.19140795123155e-05,0.988914800097812,"success"
"ml1.16","ml1",0.42,243,4.04457703913783e-12,0.999999695798551,"success"
"ml3.1","ml3",0.363782875334313,42,0.0178742469229744,0.671984512825622,"failure"
"ml3.2","ml3",0.135541138399416,202,0.0264849757804233,0.487285207404368,"failure"
"ml3.3","ml3",0.104951524121134,357,0.0484819620146738,0.509763055862798,"failure"
"ml3.4","ml3",0.379353281135444,152,1.09290946744019e-06,0.998297516441767,"success"
"ml3.5","ml3",0.843437180163983,40,7.18495115922738e-10,0.999999989423376,"success"
"ml3.6","ml3",0.399607930882774,80,0.000240476872850526,0.961963362088493,"failure"
"ml3.7","ml3",0.411701255456926,114,6.4881187622888e-06,0.996196628496582,"failure"
"ml3.8","ml3",0.46,128,2.69605867934825e-08,0.999852314271073,"failure"
"ml3.9","ml3",0.304724700110022,56,0.0225868881641797,0.636458752395235,"success"
"ml3.10","ml3",0.284834244730345,51,0.0427778268751682,0.534551291684947,"failure"
"rpp.1","rpp",0.594605285,13,0.019394664,0.608309222353551,"failure"
"rpp.2","rpp",0.611120054,23,0.001173471,0.898827183416202,"failure"
"rpp.3","rpp",0.424979665,24,0.030449585,0.562129379790831,"failure"
"rpp.4","rpp",0.228739615,190,0.00141669,0.891005171966745,"failure"
"rpp.5","rpp",0.461300742,31,0.00689115,0.763224459726542,"failure"
"rpp.6","rpp",0.594960462,23,0.001706566,0.876909361266149,"success"
"rpp.7","rpp",0.715143728,99,2.22e-17,0.999999999996776,"failure"
"rpp.8","rpp",0.561422534,37,0.000200441,0.962789138789341,"failure"
"rpp.10","rpp",0.698586719,28,1.76e-05,0.992297032558239,"success"
"rpp.11","rpp",0.672084167,21,0.000443918,0.94073699042936,"success"
"rpp.12","rpp",0.178477629,92,0.048407105,0.401332219853226,"failure"
"rpp.13","rpp",0.52450217,68,1.59e-12,0.99716351675431,"success"
"rpp.15","rpp",0.195136354,94,0.028373705,0.473849373181194,"success"
"rpp.17","rpp",0.304772411,76,0.000405826,0.771872775823587,"success"
"rpp.19","rpp",0.560499145,31,0.000692486,0.92473807877139,"failure"
"rpp.20","rpp",0.224092029,94,0.028172412,0.588903812336217,"failure"
"rpp.22","rpp",0.219359299,93,0.002218001,0.565661043470275,"failure"
"rpp.24","rpp",0.363732358,152,3.54e-06,0.99660263692206,"success"
"rpp.25","rpp",0.348120689,48,6.83e-05,0.69118139537876,"success"
"rpp.27","rpp",0.378068955,31,0.030057008,0.569123371781351,"success"
"rpp.28","rpp",0.341773488,31,0.051569634,0.480195557882869,"failure"
"rpp.29","rpp",0.73782079,7,0.023249789,0.519065761193176,"success"
"rpp.32","rpp",0.623367433,36,2.91e-05,0.988809983155229,"success"
"rpp.33","rpp",0.516812354,39,0.000541079,0.934387575473364,"success"
"rpp.36","rpp",0.713921386,20,0.000190422,0.964216644568933,"success"
"rpp.37","rpp",0.551178255,11,0.05088911,0.445231792735256,"failure"
"rpp.39","rpp",0.366615713,68,0.001935206,0.876995835463853,"failure"
"rpp.43","rpp",0.347251138,64,0.000146111,0.813055652369553,"failure"
"rpp.44","rpp",0.352175067,67,0.003000884,0.842010220684075,"success"
"rpp.48","rpp",0.225490086,92,0.028875522,0.585020308311045,"failure"
"rpp.49","rpp",0.378345294,34,0.022889441,0.612082384643667,"failure"
"rpp.50","rpp",0.208058463,92,0.015520906,0.51648506141986,"failure"
"rpp.52","rpp",0.20573686,131,0.017513309,0.658845397439266,"failure"
"rpp.53","rpp",0.377126878,31,0.030503191,0.5668055248264,"failure"
"rpp.55","rpp",0.229852265,54,0.049036287,0.391541190640264,"failure"
"rpp.56","rpp",0.379139495,99,9.23e-05,0.975438918563721,"failure"
"rpp.58","rpp",0.167288593,182,0.023221684,0.619780087349576,"failure"
"rpp.61","rpp",0.219666896,108,0.021121432,0.632139327102614,"failure"
"rpp.63","rpp",0.274010238,68,0.021711499,0.626128934161457,"failure"
"rpp.64","rpp",0.425496777,76,3.81e-08,0.97409752408121,"failure"
"rpp.65","rpp",0.431865646,41,0.003830676,0.820994828388779,"failure"
"rpp.68","rpp",0.185849827,116,0.043910406,0.518496177409217,"failure"
"rpp.71","rpp",0.222131584,373,1.41e-05,0.991590275909163,"failure"
"rpp.72","rpp",0.207643072,257,0.000773087,0.919852903104656,"failure"
"rpp.80","rpp",0.259958534,43,0.044070981,0.397255443627385,"failure"
"rpp.81","rpp",0.268278965,90,0.009719762,0.731612425595625,"failure"
"rpp.84","rpp",0.503449638,52,0.000282953,0.974376453810625,"success"
"rpp.86","rpp",0.212014281,82,0.02102091,0.485474798358145,"failure"
"rpp.87","rpp",0.395559206,51,0.003371756,0.832319963027853,"failure"
"rpp.93","rpp",0.317462994,83,0.003071238,0.840568405513763,"failure"
"rpp.94","rpp",0.344312999,26,0.036392019,0.416785762526042,"success"
"rpp.97","rpp",0.378274916,73,0.000819277,0.917801906552723,"failure"
"rpp.104","rpp",0.127392361,236,0.050342933,0.499555897310084,"failure"
"rpp.106","rpp",0.381744212,34,0.021595498,0.620636757528144,"failure"
"rpp.107","rpp",0.222330235,84,0.039641746,0.534069092528967,"failure"
"rpp.110","rpp",0.554427187,278,5.76e-24,1,"failure"
"rpp.111","rpp",0.333441051,55,0.011256115,0.712227796486529,"success"
"rpp.112","rpp",0.701088742,9,0.016232104,0.605320465392755,"success"
"rpp.113","rpp",0.681152182,124,1.69e-18,0.999999999999727,"success"
"rpp.114","rpp",0.570693584,30,0.000647885,0.927404096531052,"success"
"rpp.115","rpp",0.501799075,31,0.00292708,0.841195517463324,"failure"
"rpp.116","rpp",0.28771881,172,0.000118,0.971229817698038,"success"
"rpp.117","rpp",0.130782132,660,6.06e-42,0.921303103771901,"success"
"rpp.118","rpp",0.21368683,111,0.023051359,0.619584035001245,"failure"
"rpp.120","rpp",0.38,28,0.01713346,0.528260690889257,"failure"
"rpp.121","rpp",0.851679354,11,0.00021998,0.957366523708717,"success"
"rpp.122","rpp",0.721890032,7,0.02809598,0.490819433311135,"success"
"rpp.124","rpp",0.384260399,34,0.02067727,0.626948359502404,"failure"
"rpp.127","rpp",0.685347348,28,2.93e-05,0.989117311748619,"success"
"rpp.129","rpp",0.371775163,26,0.051411614,0.477462894679522,"failure"
"rpp.132","rpp",0.246947019,69,0.002850691,0.540399906531927,"failure"
"rpp.133","rpp",0.445652636,23,0.025570456,0.588258709412486,"success"
"rpp.134","rpp",0.20996855,115,0.023,0.619539508905307,"success"
"rpp.136","rpp",0.498149178,28,0.005086904,0.792655858874911,"failure"
"rpp.139","rpp",0.496363588,9,0.002712614,0.288020384415046,"success"
"rpp.140","rpp",0.233776428,81,0.009205933,0.561538794402612,"failure"
"rpp.142","rpp",0.593405778,162,1.39e-43,0.999999999987516,"success"
"rpp.143","rpp",0.172960188,108,0.007654847,0.435488492944775,"failure"
"rpp.145","rpp",0.768651993,76,2.1e-16,0.999999999993627,"success"
"rpp.146","rpp",0.649955571,14,0.006420541,0.753516515286822,"failure"
"rpp.148","rpp",0.188662549,194,0.008092031,0.753351082649504,"failure"
"rpp.149","rpp",0.188662549,194,0.008092031,0.753351082649504,"failure"
"rpp.150","rpp",0.722536382,13,0.002344469,0.844537185963727,"failure"
"rpp.151","rpp",0.400010244,41,0.007866967,0.751500148895341,"failure"
"rpp.153","rpp",0.859552403,7,0.002971641,0.776346912326851,"failure"
"rpp.155","rpp",0.31,50,0.023414774,0.60126059524309,"failure"
"rpp.158","rpp",0.374787884,38,0.017182464,0.654437907458993,"success"
"rpp.161","rpp",0.483442318,44,0.000665379,0.926528236257896,"failure"
"rpp.165","rpp",0.28378815,56,0.033697241,0.571726328881949,"failure"
"rpp.167","rpp",0.595271914,17,0.007169828,0.748039466859184,"failure"
"ssrp.1","ssrp",0.525,366,5.4e-05,0.982759982608543,"success"
"ssrp.2","ssrp",0.816,850,1.427e-10,0.999999794110541,"success"
"ssrp.3","ssrp",0.201,366,0.0044,0.817678358636975,"success"
"ssrp.4","ssrp",0.141,343,0.0089,0.745627797980213,"failure"
"ssrp.5","ssrp",0.27,54,0.049,0.513171763240706,"success"
"ssrp.6","ssrp",0.961,15,1.551e-09,0.999999602176485,"success"
"ssrp.7","ssrp",0.197,144,0.018,0.661849793826611,"success"
"ssrp.8","ssrp",0.674,15,0.0042,0.828721354151496,"failure"
"ssrp.9","ssrp",0.289,57,0.029,0.595861334301028,"failure"
"ssrp.10","ssrp",0.222,180,0.0027,0.85338281470239,"success"
"ssrp.11","ssrp",0.631,105,8.362e-09,0.999936742037807,"success"
"ssrp.12","ssrp",0.602,40,3.9e-05,0.989800525573864,"success"
"ssrp.13","ssrp",0.269,86,0.0133,0.714100926643384,"failure"
"ssrp.14","ssrp",0.45,24,0.0238,0.61816035573237,"success"
"ssrp.15","ssrp",0.388,40,0.0133,0.711408096190014,"failure"
"ssrp.17","ssrp",0.453,32,0.0092,0.759820609974154,"success"
"ssrp.18","ssrp",0.377,36,0.0236,0.635083227675822,"failure"
"ssrp.19","ssrp",0.793,20,3e-05,0.994921597613567,"failure"
"ssrp.20","ssrp",0.267,56,0.046,0.518920227902178,"failure"
"ssrp.21","ssrp",0.437,46,0.0021,0.873111020699159,"failure"
"ssrp.22","ssrp",0.674,30,4.4e-05,0.99052866583257,"success"
